country,2008
Afghanistan,0.5258790991702884
Angola,0.7629395495851442
Albania,0.07151323587514817
Andorra,0.010103290624823617
UAE,0.034430208274538576
Argentina,0.07038437658745839
Armenia,0.0997347180673929
Antigua and Barbuda,0.044985042614438114
Australia,0.013433425523508492
Austria,0.0096517469097477
Azerbaijan,0.2272958175763391
Burundi,0.565389174239431
Belgium,0.010216176553592592
Benin,0.6387650279392674
Burkina Faso,0.7121408816391037
Bangladesh,0.29672066376926115
Bulgaria,0.04837162047750748
Bahrain,0.03680081277868713
Bahamas,0.061353502285940054
Bosnia and Herzegovina,0.028616582942936165
Belarus,0.02099678275103008
Belize,0.09634814020432353
Bolivia,0.2459219958232206
Brazil,0.10086357735508268
Barbados,0.06925551729976859
Brunei,0.037478128351301015
Bhutan,0.25551729976858384
Botswana,0.31873341987921205
Central African Republic,0.8701811819156742
Canada,0.016820003386577864
Switzerland,0.01066772026866851
Chile,0.03420443641700062
China,0.08844612519049501
Cote d'Ivoire,0.6331207315008184
Cameroon,0.6387650279392674
"Congo, Dem. Rep.",0.683919399446859
"Congo, Rep.",0.37235423604447704
Colombia,0.09521928091663374
Comoros,0.5055596319918723
Cape Verde,0.1296494891911723
Costa Rica,0.042162894395213646
Cuba,0.020771010893492124
Cyprus,0.006773155726138739
Czech Republic,0.005023423830219562
Germany,0.008748659479595865
Djibouti,0.4429079415250889
Dominica,0.08731726590280522
Denmark,0.00835355872890444
Dominican Republic,0.18214144606874752
Algeria,0.1499689563695885
Ecuador,0.09747699949201333
Egypt,0.1623864085341762
Eritrea,0.3215555680984365
Spain,0.00767624315629057
Estonia,0.014675170739967262
Ethiopia,0.5078173505672517
Finland,0.0029914771123779396
Fiji,0.11836089631427442
France,0.008522887622057908
"Micronesia, Fed. Sts.",0.22390923971326973
Gabon,0.3678387988937179
UK,0.015465372241350115
Georgia,0.08110853982051137
Ghana,0.4152508889766891
Guinea,0.67827510300841
Gambia,0.45306767511429696
Guinea-Bissau,0.6952079923237569
Equatorial Guinea,0.6613422136930631
Greece,0.0064344979398318
Grenada,0.06417565050516454
Guatemala,0.19738104645255966
Guyana,0.20415420217869842
"Hong Kong, China",0.0004515437150759173
Honduras,0.1290850595473274
Holy See,0.131342778122707
Croatia,0.01732799006603827
Haiti,0.45419653440198676
Hungary,0.02082745385787661
Indonesia,0.19286560930180052
India,0.3492126206468364
Ireland,0.009087317265902808
Iran,0.10707230343737653
Iraq,0.19230117965795562
Iceland,0.0
Israel,0.011683693627589323
Italy,0.007394028334368117
Jamaica,0.09239713269740926
Jordan,0.10537901450584185
Japan,0.0032736919343003892
Kazakhstan,0.12287633346503359
Kenya,0.3446971834960772
Kyrgyz Republic,0.17480386069876386
Cambodia,0.27640119659084494
Kiribati,0.3576790653045098
St. Kitts and Nevis,0.07207766551899306
South Korea,0.00959530394536321
Kuwait,0.045549472258283
Lao,0.4073488739628605
Lebanon,0.04837162047750748
Liberia,0.5823220635547779
Libya,0.09013941412202969
St. Lucia,0.08901055483433991
Liechtenstein,0.025625105830558218
Sri Lanka,0.05401591691595643
Lesotho,0.6387650279392674
Lithuania,0.02568154879494271
Luxembourg,0.002088389682226112
Latvia,0.0338093356663092
Morocco,0.18157701642490262
Monaco,0.007619800191906077
Moldova,0.08393068803973584
Madagascar,0.39493142179827284
Maldives,0.07546424338206242
Mexico,0.08788169554665011
Marshall Islands,0.2058474911102331
North Macedonia,0.050064909409042166
Mali,0.7798724389004911
Malta,0.022294970931873343
Myanmar,0.48580459445730095
Montenegro,0.029237455551165543
Mongolia,0.16125754924648641
Mozambique,0.6274764350623695
Mauritania,0.565389174239431
Mauritius,0.07320652480668285
Malawi,0.5360388327594965
Malaysia,0.028560139978551672
Namibia,0.2893830783992775
Niger,0.7742281424620421
Nigeria,0.78551673533894
Nicaragua,0.10989445165660101
Netherlands,0.010949935090590956
Norway,0.004007450471298753
Nepal,0.27753005587853474
Nauru,0.2058474911102331
New Zealand,0.019472822712648868
Oman,0.05175819834057685
Pakistan,0.5055596319918723
Panama,0.10312129593046228
Peru,0.10989445165660101
Philippines,0.16915956426031492
Palau,0.12231190382118869
Papua New Guinea,0.32832872382457523
Poland,0.021674098323643958
North Korea,0.16351526782186598
Portugal,0.007055370548061185
Paraguay,0.1403736524242253
Palestine,0.12118304453349892
Qatar,0.03764745724445448
Romania,0.0574024947790258
Russia,0.047242761189817684
Rwanda,0.4276683411412767
Saudi Arabia,0.06191793192978495
Sudan,0.43782807473048485
Senegal,0.410171022182085
Singapore,5.644296438448923e-05
Solomon Islands,0.13755150420500084
Sierra Leone,0.9999999999999999
El Salvador,0.10425015521815206
San Marino,0.0027657052548399827
Somalia,0.9209798498617148
Serbia,0.028898797764858607
South Sudan,0.6669865101315121
Sao Tome and Principe,0.2730146187277756
Suriname,0.13303606705424167
Slovak Republic,0.025963763616865154
Slovenia,0.00423322232883671
Sweden,0.0021448326466105977
Eswatini,0.5936106564316758
Seychelles,0.06248236157362985
Syria,0.07828639160128689
Chad,0.8758254783541232
Togo,0.5207992323756844
Thailand,0.066997798724389
Tajikistan,0.2481797143986002
Turkmenistan,0.3446971834960772
Timor-Leste,0.37066094711294234
Tonga,0.07997968053282159
Trinidad and Tobago,0.12400519275272338
Tunisia,0.09352599198509905
Turkey,0.09691256984816843
Tuvalu,0.17311057176722922
Taiwan,0.02031946717841621
Tanzania,0.4350059265112604
Uganda,0.4835468758819213
Ukraine,0.0568380651351809
Uruguay,0.05119376869673195
USA,0.026979736975785967
Uzbekistan,0.21770051363097587
St. Vincent and the Grenadines,0.10763673308122142
Venezuela,0.08054411017666649
Vietnam,0.11779646667042952
Vanuatu,0.14771123779420894
Samoa,0.09070384376587458
Yemen,0.32832872382457523
South Africa,0.34977705029068124
Zambia,0.4942710391149744
Zimbabwe,0.5315233956087374
